{"cameraMode":{"drawMode":0,"name":"Shaded","section":"Shading Mode"},"sceneLighting":true,"audioPlay":false,"sceneViewState":{"showFog":true,"showMaterialUpdate":false,"showSkybox":true,"showFlares":true,"showImageEffects":true,"showParticleSystems":true},"in2DMode":false,"pivot":{"x":-93.36251068115235,"y":107.71263122558594,"z":-107.24291229248047},"rotation":{"x":0.40120452642440798,"y":0.4800622761249542,"z":-0.26106593012809756,"w":0.7357355952262878},"size":216.56552124023438,"orthographic":false}