{"cameraMode":{"drawMode":0,"name":"Shaded","section":"Shading Mode"},"sceneLighting":true,"audioPlay":false,"sceneViewState":{"showFog":true,"showMaterialUpdate":false,"showSkybox":true,"showFlares":true,"showImageEffects":true,"showParticleSystems":true},"in2DMode":false,"pivot":{"x":-95.6941146850586,"y":8.66602611541748,"z":-258.3131408691406},"rotation":{"x":-0.09310120344161987,"y":-0.2106039822101593,"z":0.02033676765859127,"w":-0.9734243750572205},"size":8.452888488769532,"orthographic":false}