{"cameraMode":{"drawMode":0,"name":"Shaded","section":"Shading Mode"},"sceneLighting":true,"audioPlay":false,"sceneViewState":{"showFog":true,"showMaterialUpdate":false,"showSkybox":true,"showFlares":true,"showImageEffects":true,"showParticleSystems":true},"in2DMode":false,"pivot":{"x":-109.37596130371094,"y":16.419939041137697,"z":-89.94491577148438},"rotation":{"x":-0.13845358788967133,"y":-0.8460306525230408,"z":0.26531410217285159,"w":-0.4413982927799225},"size":16.647891998291017,"orthographic":false}