{"cameraMode":{"drawMode":0,"name":"Shaded","section":"Shading Mode"},"sceneLighting":true,"audioPlay":false,"sceneViewState":{"showFog":true,"showMaterialUpdate":false,"showSkybox":true,"showFlares":true,"showImageEffects":true,"showParticleSystems":true},"in2DMode":false,"pivot":{"x":-148.84254455566407,"y":32.69744873046875,"z":-433.4862365722656},"rotation":{"x":-0.2783358693122864,"y":0.0768786370754242,"z":-0.02391412854194641,"w":-0.9579373598098755},"size":9.424521446228028,"orthographic":false}