{"cameraMode":{"drawMode":0,"name":"Shaded","section":"Shading Mode"},"sceneLighting":false,"audioPlay":false,"sceneViewState":{"showFog":true,"showMaterialUpdate":false,"showSkybox":false,"showFlares":true,"showImageEffects":true,"showParticleSystems":true},"in2DMode":false,"pivot":{"x":-325.6474304199219,"y":15.770000457763672,"z":90.32624053955078},"rotation":{"x":-0.21967364847660066,"y":-0.5564718246459961,"z":0.1553737223148346,"w":-0.7862116098403931},"size":2.4962313175201418,"orthographic":false}