{"cameraMode":{"drawMode":0,"name":"Shaded","section":"Shading Mode"},"sceneLighting":false,"audioPlay":false,"sceneViewState":{"showFog":true,"showMaterialUpdate":false,"showSkybox":false,"showFlares":true,"showImageEffects":true,"showParticleSystems":true},"in2DMode":false,"pivot":{"x":-363.68316650390627,"y":17.570213317871095,"z":97.83940124511719},"rotation":{"x":-0.34789907932281496,"y":-0.32150188088417055,"z":0.12824147939682008,"w":-0.871416449546814},"size":54.38007354736328,"orthographic":false}