{"cameraMode":{"drawMode":0,"name":"Shaded","section":"Shading Mode"},"sceneLighting":true,"audioPlay":false,"sceneViewState":{"showFog":true,"showMaterialUpdate":false,"showSkybox":true,"showFlares":true,"showImageEffects":true,"showParticleSystems":true},"in2DMode":false,"pivot":{"x":-349.27337646484377,"y":16.060667037963868,"z":109.7272720336914},"rotation":{"x":-0.3686748743057251,"y":-0.47555309534072878,"z":0.22884434461593629,"w":-0.7653120756149292},"size":22.79268455505371,"orthographic":false}