{"cameraMode":{"drawMode":0,"name":"Shaded","section":"Shading Mode"},"sceneLighting":false,"audioPlay":false,"sceneViewState":{"showFog":true,"showMaterialUpdate":false,"showSkybox":false,"showFlares":true,"showImageEffects":true,"showParticleSystems":true},"in2DMode":false,"pivot":{"x":-541.9472045898438,"y":16.777708053588868,"z":168.4431610107422},"rotation":{"x":0.16248203814029694,"y":0.3370152711868286,"z":-0.05813952535390854,"w":0.9257912039756775},"size":13.190374374389649,"orthographic":false}