{"cameraMode":{"drawMode":0,"name":"Shaded","section":"Shading Mode"},"sceneLighting":true,"audioPlay":false,"sceneViewState":{"showFog":true,"showMaterialUpdate":false,"showSkybox":false,"showFlares":true,"showImageEffects":true,"showParticleSystems":true},"in2DMode":false,"pivot":{"x":-110.19000244140625,"y":11.760000228881836,"z":150.6855010986328},"rotation":{"x":-0.09789144992828369,"y":0.9004645943641663,"z":-0.26970723271369936,"w":-0.3269841969013214},"size":8.281173706054688,"orthographic":false}