{"cameraMode":{"drawMode":0,"name":"Shaded","section":"Shading Mode"},"sceneLighting":false,"audioPlay":false,"sceneViewState":{"showFog":true,"showMaterialUpdate":false,"showSkybox":false,"showFlares":true,"showImageEffects":true,"showParticleSystems":true},"in2DMode":false,"pivot":{"x":-91.92671966552735,"y":59.23662567138672,"z":126.73057556152344},"rotation":{"x":0.21484312415122987,"y":-0.054728761315345767,"z":0.013539521023631096,"w":0.9753087759017944},"size":163.7612762451172,"orthographic":false}