{"cameraMode":{"drawMode":0,"name":"Shaded","section":"Shading Mode"},"sceneLighting":true,"audioPlay":false,"sceneViewState":{"showFog":true,"showMaterialUpdate":false,"showSkybox":true,"showFlares":true,"showImageEffects":true,"showParticleSystems":true},"in2DMode":false,"pivot":{"x":17.741260528564454,"y":-72.74507141113281,"z":196.16244506835938},"rotation":{"x":-0.12674568593502046,"y":-0.8261411786079407,"z":0.18865762650966645,"w":-0.5178288221359253},"size":308.7533874511719,"orthographic":false}