{"cameraMode":{"drawMode":0,"name":"Shaded","section":"Shading Mode"},"sceneLighting":true,"audioPlay":false,"sceneViewState":{"showFog":true,"showMaterialUpdate":false,"showSkybox":true,"showFlares":true,"showImageEffects":true,"showParticleSystems":true},"in2DMode":false,"pivot":{"x":1.8279151916503907,"y":-15.840240478515625,"z":31.615192413330079},"rotation":{"x":-0.27064618468284609,"y":-0.5682734251022339,"z":0.1785765439271927,"w":-0.7576985359191895},"size":111.09291076660156,"orthographic":false}