{"cameraMode":{"drawMode":0,"name":"Shaded","section":"Shading Mode"},"sceneLighting":true,"audioPlay":false,"sceneViewState":{"showFog":true,"showMaterialUpdate":false,"showSkybox":true,"showFlares":true,"showImageEffects":true,"showParticleSystems":true},"in2DMode":false,"pivot":{"x":3.3613624572753908,"y":37.333274841308597,"z":206.6162109375},"rotation":{"x":-0.21092897653579713,"y":-0.46167701482772829,"z":0.1134209930896759,"w":-0.8542490601539612},"size":84.63680267333985,"orthographic":false}