{"cameraMode":{"drawMode":0,"name":"Shaded","section":"Shading Mode"},"sceneLighting":false,"audioPlay":false,"sceneViewState":{"showFog":true,"showMaterialUpdate":false,"showSkybox":false,"showFlares":true,"showImageEffects":true,"showParticleSystems":true},"in2DMode":false,"pivot":{"x":-349.27337646484377,"y":16.060667037963868,"z":110.47265625},"rotation":{"x":0.1758570522069931,"y":0.30330169200897219,"z":-0.04643119126558304,"w":0.9367138147354126},"size":12.066313743591309,"orthographic":false}