{"cameraMode":{"drawMode":0,"name":"Shaded","section":"Shading Mode"},"sceneLighting":true,"audioPlay":false,"sceneViewState":{"showFog":true,"showMaterialUpdate":false,"showSkybox":false,"showFlares":true,"showImageEffects":true,"showParticleSystems":true},"in2DMode":false,"pivot":{"x":-56.11629867553711,"y":102.37115478515625,"z":104.26885223388672},"rotation":{"x":0.09640875458717346,"y":-0.2754424214363098,"z":0.02778506465256214,"w":0.9560877680778503},"size":2.001129388809204,"orthographic":false}