{"cameraMode":{"drawMode":0,"name":"Shaded","section":"Shading Mode"},"sceneLighting":true,"audioPlay":false,"sceneViewState":{"showFog":true,"showMaterialUpdate":false,"showSkybox":false,"showFlares":true,"showImageEffects":true,"showParticleSystems":true},"in2DMode":false,"pivot":{"x":-16.132299423217775,"y":-1.300154685974121,"z":265.1271667480469},"rotation":{"x":0.09640875458717346,"y":-0.2754424214363098,"z":0.02778506465256214,"w":0.9560877680778503},"size":4.401121616363525,"orthographic":false}