{"cameraMode":{"drawMode":0,"name":"Shaded","section":"Shading Mode"},"sceneLighting":true,"audioPlay":false,"sceneViewState":{"showFog":true,"showMaterialUpdate":false,"showSkybox":false,"showFlares":true,"showImageEffects":true,"showParticleSystems":true},"in2DMode":false,"pivot":{"x":-384.43267822265627,"y":15.314352989196778,"z":105.70213317871094},"rotation":{"x":0.049344636499881747,"y":0.9371762275695801,"z":-0.1482597291469574,"w":0.31191906332969668},"size":4.093218803405762,"orthographic":false}