{"cameraMode":{"drawMode":0,"name":"Shaded","section":"Shading Mode"},"sceneLighting":false,"audioPlay":false,"sceneViewState":{"showFog":true,"showMaterialUpdate":false,"showSkybox":false,"showFlares":true,"showImageEffects":true,"showParticleSystems":true},"in2DMode":false,"pivot":{"x":-332.23138427734377,"y":15.999999046325684,"z":110.90798950195313},"rotation":{"x":-0.2665746212005615,"y":-0.3475002348423004,"z":0.10307206958532334,"w":-0.8932045698165894},"size":5.745926856994629,"orthographic":false}