{"cameraMode":{"drawMode":0,"name":"Shaded","section":"Shading Mode"},"sceneLighting":true,"audioPlay":false,"sceneViewState":{"showFog":true,"showMaterialUpdate":false,"showSkybox":false,"showFlares":true,"showImageEffects":true,"showParticleSystems":true},"in2DMode":false,"pivot":{"x":11.117700576782227,"y":13.43615436553955,"z":-9.457149505615235},"rotation":{"x":0.0733676552772522,"y":0.9256646037101746,"z":-0.23529255390167237,"w":0.28746965527534487},"size":4.401142120361328,"orthographic":false}