{"cameraMode":{"drawMode":0,"name":"Shaded","section":"Shading Mode"},"sceneLighting":true,"audioPlay":false,"sceneViewState":{"showFog":true,"showMaterialUpdate":false,"showSkybox":false,"showFlares":true,"showImageEffects":true,"showParticleSystems":true},"in2DMode":false,"pivot":{"x":-56.27789306640625,"y":24.219898223876954,"z":119.58526611328125},"rotation":{"x":0.0733676552772522,"y":0.9256646037101746,"z":-0.23529255390167237,"w":0.28746965527534487},"size":1.838883399963379,"orthographic":false}