{"cameraMode":{"drawMode":0,"name":"Shaded","section":"Shading Mode"},"sceneLighting":false,"audioPlay":false,"sceneViewState":{"showFog":true,"showMaterialUpdate":false,"showSkybox":false,"showFlares":true,"showImageEffects":true,"showParticleSystems":true},"in2DMode":false,"pivot":{"x":-168.52999877929688,"y":13.460000038146973,"z":104.92657470703125},"rotation":{"x":-0.014625607058405877,"y":-0.9828793406486511,"z":0.16063210368156434,"w":-0.08928894996643067},"size":15.044184684753418,"orthographic":false}