{"cameraMode":{"drawMode":0,"name":"Shaded","section":"Shading Mode"},"sceneLighting":true,"audioPlay":false,"sceneViewState":{"showFog":true,"showMaterialUpdate":false,"showSkybox":true,"showFlares":true,"showImageEffects":true,"showParticleSystems":true},"in2DMode":false,"pivot":{"x":5.464005947113037,"y":1.9577336311340333,"z":-2.0593643188476564},"rotation":{"x":-0.10106316208839417,"y":-0.057585664093494418,"z":0.005801739636808634,"w":-0.9932500720024109},"size":10.024237632751465,"orthographic":false}