{"cameraMode":{"drawMode":0,"name":"Shaded","section":"Shading Mode"},"sceneLighting":false,"audioPlay":false,"sceneViewState":{"showFog":true,"showMaterialUpdate":false,"showSkybox":false,"showFlares":true,"showImageEffects":true,"showParticleSystems":true},"in2DMode":false,"pivot":{"x":-302.3648681640625,"y":16.31999969482422,"z":107.13999938964844},"rotation":{"x":0.14572122693061829,"y":0.5717851519584656,"z":-0.10403016954660416,"w":0.8007287979125977},"size":6.4016571044921879,"orthographic":false}