{"cameraMode":{"drawMode":0,"name":"Shaded","section":"Shading Mode"},"sceneLighting":true,"audioPlay":false,"sceneViewState":{"showFog":true,"showMaterialUpdate":false,"showSkybox":false,"showFlares":true,"showImageEffects":true,"showParticleSystems":true},"in2DMode":false,"pivot":{"x":-56.11629867553711,"y":102.37115478515625,"z":104.26885223388672},"rotation":{"x":0.1988154798746109,"y":0.1478377729654312,"z":-0.030353065580129625,"w":0.9683486223220825},"size":1.1011295318603516,"orthographic":false}