{"cameraMode":{"drawMode":0,"name":"Shaded","section":"Shading Mode"},"sceneLighting":true,"audioPlay":false,"sceneViewState":{"showFog":true,"showMaterialUpdate":false,"showSkybox":true,"showFlares":true,"showImageEffects":true,"showParticleSystems":true},"in2DMode":false,"pivot":{"x":112.4312744140625,"y":-25.1658992767334,"z":121.64501953125},"rotation":{"x":0.3934648334980011,"y":-0.0013789566000923515,"z":0.0005902095581404865,"w":0.9193384051322937},"size":51.677974700927737,"orthographic":false}