{"cameraMode":{"drawMode":0,"name":"Shaded","section":"Shading Mode"},"sceneLighting":true,"audioPlay":false,"sceneViewState":{"showFog":true,"showMaterialUpdate":false,"showSkybox":true,"showFlares":true,"showImageEffects":true,"showParticleSystems":true},"in2DMode":false,"pivot":{"x":-76.61219024658203,"y":-25.983150482177736,"z":180.73260498046876},"rotation":{"x":0.2940678298473358,"y":-0.15011776983737946,"z":0.04736972600221634,"w":0.9429116249084473},"size":285.11761474609377,"orthographic":false}