{"cameraMode":{"drawMode":0,"name":"Shaded","section":"Shading Mode"},"sceneLighting":false,"audioPlay":false,"sceneViewState":{"showFog":true,"showMaterialUpdate":false,"showSkybox":false,"showFlares":true,"showImageEffects":true,"showParticleSystems":true},"in2DMode":false,"pivot":{"x":-81.04524230957031,"y":56.578338623046878,"z":127.7276382446289},"rotation":{"x":0.3911098539829254,"y":-0.2215338945388794,"z":0.09757845103740692,"w":0.8879421353340149},"size":159.3197021484375,"orthographic":false}