{"cameraMode":{"drawMode":0,"name":"Shaded","section":"Shading Mode"},"sceneLighting":true,"audioPlay":false,"sceneViewState":{"showFog":true,"showMaterialUpdate":false,"showSkybox":true,"showFlares":true,"showImageEffects":true,"showParticleSystems":true},"in2DMode":false,"pivot":{"x":5.340856552124023,"y":18.13309097290039,"z":263.9037780761719},"rotation":{"x":0.34370681643486025,"y":0.028220970183610917,"z":-0.01018509641289711,"w":0.938655436038971},"size":522.2644653320313,"orthographic":false}