{"cameraMode":{"drawMode":0,"name":"Shaded","section":"Shading Mode"},"sceneLighting":false,"audioPlay":false,"sceneViewState":{"showFog":true,"showMaterialUpdate":false,"showSkybox":false,"showFlares":true,"showImageEffects":true,"showParticleSystems":true},"in2DMode":false,"pivot":{"x":-93.6002197265625,"y":11.554004669189454,"z":112.90035247802735},"rotation":{"x":0.2825949788093567,"y":-0.010054650716483593,"z":0.003022194840013981,"w":0.9592276811599731},"size":2.8578836917877199,"orthographic":false}