{"cameraMode":{"drawMode":0,"name":"Shaded","section":"Shading Mode"},"sceneLighting":true,"audioPlay":false,"sceneViewState":{"showFog":true,"showMaterialUpdate":false,"showSkybox":false,"showFlares":true,"showImageEffects":true,"showParticleSystems":true},"in2DMode":false,"pivot":{"x":-56.11629867553711,"y":102.37115478515625,"z":104.26885223388672},"rotation":{"x":0.18040134012699128,"y":-0.03392462059855461,"z":0.006231611594557762,"w":0.9830098748207092},"size":1.4011294841766358,"orthographic":false}