{"cameraMode":{"drawMode":0,"name":"Shaded","section":"Shading Mode"},"sceneLighting":false,"audioPlay":false,"sceneViewState":{"showFog":true,"showMaterialUpdate":false,"showSkybox":false,"showFlares":true,"showImageEffects":true,"showParticleSystems":true},"in2DMode":false,"pivot":{"x":-76.1324691772461,"y":12.788787841796875,"z":127.3830795288086},"rotation":{"x":-0.0982385203242302,"y":-0.24026666581630708,"z":0.024423440918326379,"w":-0.9654614925384522},"size":12.349414825439454,"orthographic":false}