{"cameraMode":{"drawMode":0,"name":"Shaded","section":"Shading Mode"},"sceneLighting":false,"audioPlay":false,"sceneViewState":{"showFog":true,"showMaterialUpdate":false,"showSkybox":false,"showFlares":true,"showImageEffects":true,"showParticleSystems":true},"in2DMode":false,"pivot":{"x":-606.17431640625,"y":-243.1126708984375,"z":124.84911346435547},"rotation":{"x":-0.29358792304992678,"y":-0.09216823428869248,"z":0.028408372774720193,"w":-0.9510992169380188},"size":5.745928764343262,"orthographic":false}