{"cameraMode":{"drawMode":0,"name":"Shaded","section":"Shading Mode"},"sceneLighting":true,"audioPlay":false,"sceneViewState":{"showFog":true,"showMaterialUpdate":false,"showSkybox":false,"showFlares":true,"showImageEffects":true,"showParticleSystems":true},"in2DMode":false,"pivot":{"x":-55.997615814208987,"y":102.2287826538086,"z":104.12183380126953},"rotation":{"x":0.16923105716705323,"y":-0.45329564809799197,"z":0.08818595856428147,"w":0.8707342147827148},"size":1.5684564113616944,"orthographic":false}