{"cameraMode":{"drawMode":0,"name":"Shaded","section":"Shading Mode"},"sceneLighting":true,"audioPlay":false,"sceneViewState":{"showFog":true,"showMaterialUpdate":false,"showSkybox":false,"showFlares":true,"showImageEffects":true,"showParticleSystems":true},"in2DMode":false,"pivot":{"x":155.28770446777345,"y":-14.380154609680176,"z":127.62714385986328},"rotation":{"x":-0.0010972976451739669,"y":0.9987236857414246,"z":0.03897922486066818,"w":0.035662051290273669},"size":1.7011423110961915,"orthographic":false}