{"cameraMode":{"drawMode":0,"name":"Shaded","section":"Shading Mode"},"sceneLighting":true,"audioPlay":false,"sceneViewState":{"showFog":true,"showMaterialUpdate":false,"showSkybox":true,"showFlares":true,"showImageEffects":true,"showParticleSystems":true},"in2DMode":false,"pivot":{"x":-303.9330749511719,"y":17.89606285095215,"z":108.6877212524414},"rotation":{"x":0.09444406628608704,"y":-0.7058349251747131,"z":0.12225282192230225,"w":0.693000316619873},"size":9.486618995666504,"orthographic":false}